column,type,filled_by,what_it_is_for
Title,Single line of text,AI,The event's name as written in the request
Event Date,Date,AI,Leave blank if not stated. Never infer from past years
Requestor Name,Single line of text,AI,The person asking on behalf of the event (not a forwarder)
Requestor Email,Single line of text,AI,
Requestor Org,Single line of text,AI,
Industry,Choice,AI,The requesting organization's field. Keep to 8-10 choices so AI sorts reliably
AI Summary,Multiple lines of text,AI,Two to three sentences: what is being asked and by whom
AI Next Step,Multiple lines of text,AI,A suggestion only. A person sets Status
Status,Choice,Person,New / Needs decision / Accepted / Decline / Scheduled / Closed
Owner,Person,Person,Who on the team is driving it
Decision Notes,Multiple lines of text,Person,Why it was accepted or declined. Feeds future criteria
Source Email Link,Hyperlink,Automation,Link back to the original thread
